source	VIKINGYFY/immortalwrt	main	0fb9b10cb9df51fb076470e1dd93d1c30dd89d83
feed	packages	https://github.com/immortalwrt/packages.git	e731ba76764082d9db71de60f1ddac43f4114101
feed	luci	https://github.com/immortalwrt/luci.git	5fc1fac5684cac6eee2c7fbff78c65b867980dd8
feed	routing	https://github.com/openwrt/routing.git	4b9891b9136259f93294a424507ed24c5e8c1cbd
feed	telephony	https://github.com/openwrt/telephony.git	5d68d53c160a325ea9d03fce393e051573bcc736
feed	video	https://github.com/openwrt/video.git	afb0a7453e4ecebe4b59f9c1b5f8d5413fb652f2
package	sbwml/luci-theme-argon	openwrt-25.12	4b8b7849551c558ec905c40b0ebb864641c9fa32
package	eamonxg/luci-theme-aurora	master	84c27b66952e6fc4be60128067a6b88bfd34afb5
package	eamonxg/luci-app-aurora-config	master	a5299ce0144859f47683ec3bc40805bf616f534f
package	LazuliKao/luci-theme-fluent	main	e19720d8b9fc7ddc7ba32cb6c7375c04c366b1f2
package	VizzleTF/luci-theme-footstrap	main	246337d51889860661bb4662b2c10f88c20d5ccd
package	sirpdboy/luci-theme-kucat	master	1c8e7f7c1052552f4fac09d60e5adc07ed33bfa3
package	sirpdboy/luci-app-kucat-config	master	e51de5e4f9c98c234777c26948ff454a2ae3dc99
package	eamonxg/luci-theme-shadcn	main	17c37b59ea244e7de89e4e3b3de3b85690ec9d04
package	nikkinikki-org/OpenWrt-momo	main	72f5c46b5b65ad95f8f786f024c98204e47cd3dd
package	nikkinikki-org/OpenWrt-nikki	main	7b203f6c4c5e94c6c0026acb301090aa1d310e7f
package	vernesong/OpenClash	dev	48d202ddd309a3a6f50e9699412866186f678579
package	Openwrt-Passwall/openwrt-passwall	main	a60c49eb21ee4514e4d829970882e7d01bacea3c
package	Openwrt-Passwall/openwrt-passwall2	main	2de5aee7a4c704a5b689fdab47b97a18ad11c1a2
package	gdy666/luci-app-lucky	main	c1730565c6df4ab30d345cf73584f03f5cc7bc8f
package	4IceG/luci-app-mini-diskmanager	main	4b2b7332896063ef888f34da2187c3cc6f366037
package	EasyTier/luci-app-easytier	main	79b2b01ded627a634e4bea8d60c7be0f00b708b0
package	FUjr/QModem	main	c49654efc870f53712ee8e25bf181722eb1466d9
package	VIKINGYFY/packages	main	7a2895f5921fab6ac77d5f6c99431ba825e09de4
package	lmq8267/luci-app-vnt	main	69e8a5911ef6b79f9006ebf0935e54da75b14402
package	sbwml/luci-app-diskman	main	be87fcb92c472821bcedbefbfc8b7e8d9e039449
package	sbwml/luci-app-mosdns	v5	bd40245303cd0ba56804d49eed5dbc4be2a082ca
package	sbwml/luci-app-openlist2	main	2dde4b30a3e8f8d101653fafac3b75fd39d09f99
package	sbwml/luci-app-qbittorrent	master	739efe95cf38cdfa956cd1c38ddd9f52358a8c6a
package	sbwml/luci-app-quickfile	main	10ee0340b4f70bd6e697500683813e788fc54eb7
package	sirpdboy/luci-app-ddns-go	main	7092e6de6ad9fe3f7d327f70468dfd19e00d6f0e
package	sirpdboy/netspeedtest	main	0c936e9dd513b2915229871b088b85ca817f5083
package	sirpdboy/luci-app-netwizard	main	7867a28e711269889ca1c999a0ce844c3adb45a0
package	sirpdboy/luci-app-partexp	main	236187cfe4f1fab7f2dde5279ce378324c3e5f40
package	sirpdboy/luci-app-timecontrol	main	52b82003a9392fb2692662bb702d5610ce9ec505
package	muink/openwrt-natmapt	master	21d8d7968fef8219a39120b28d6a73fe4eda23c7
package	muink/openwrt-stuntman	master	f915c1e45e8ab088abd479d60d0172f176485a38
package	muink/luci-app-natmapt	master	c8eb57066da1e9612ea2b4057be63f015c954140
package	LianXia233/luci-app-airpi3000m-fancontrol	main	e3e2cb2c05926e06c5fdaea1dd00656a1dc73886
package	LianXia233/luci-app-chfs	main	671d91fdad1654e054f1169681c09af1bb169396
package	LianXia233/luci-app-fm350	main	b5f625112611affcda03bddc774f3228535f6c37
package	LianXia233/luci-app-h5000m-netmode	main	17082e1282251295169945964dab081da0331fc6
package	LianXia233/luci-app-mt5700	main	eba64994fec392b818afdcbca148b0e1dd8dc96f
package	LianXia233/luci-app-mt5700m	main	2c7208de1fea804af56993275c6a0efadc733f47
package	LianXia233/luci-app-netmonitor	main	4b65ab6ea0660ba42d1cbc9e2bf0c422b51941f4
package	LianXia233/luci-app-qmodem-generic	main	221f1a10e05a417f68bba6cf0c4ae135df6ca79e
binary	mihomo	https://github.com/MetaCubeX/mihomo/releases/download/v1.19.32/mihomo-linux-arm64-v1.19.32.gz	9dd862e28b46ff7d775f169cceebc28deccaa0a9e804237d421cd2571e0caba0
